[
    {
        "id": 1,
        "name": "Metallica",
        "category": "Music",
        "rating": 9
    },
    {
        "id": 2,
        "name": "Black Tatoo",
        "category": "Books",
        "rating": 5
    },
    {
        "id": 3,
        "name": "Harry Potter The Philosopher's Stone",
        "category": "Movie",
        "rating": 8
    },
    {
        "id": 4,
        "name": "Italian - Pizza",
        "category": "Food",
        "rating": 7
    },
    {
        "id": 5,
        "name": "London - UK",
        "category": "City",
        "rating": 10
    },
    {
        "id": 6,
        "name": "Warcraft",
        "category": "Video Game",
        "rating": 6
    },
    {
        "id": 7,
        "name": "Sab but True - Metallica",
        "category": "Music",
        "rating": 5
    },
    {
        "id": 8,
        "name": "Minimanismo",
        "category": "Books",
        "rating": 9
    },
    {
        "id": 9,
        "name": "Cheez Burger and Bacon",
        "category": "Food",
        "rating": 9
    },
    {
        "id": 10,
        "name": "Loord of the Ring",
        "category": "Movie",
        "rating": 10
    }

]